index;needs_update;updated;size;true_positive_self;true_negative_self;false_positive_self;false_negative_self;true_positive_eval;true_negative_eval;false_positive_eval;false_negative_eval;
62;false;false;0;0;63;0;0;0;3693894;0;306106;
124;false;false;0;0;125;0;0;0;3693894;0;306106;
8;false;false;0;0;9;0;0;0;3693894;0;306106;
146;false;false;1;1;146;0;0;9485;3678570;15324;296621;
242;false;false;1;1;242;0;0;9485;3678570;15324;296621;
90;false;false;0;0;91;0;0;0;3693894;0;306106;
30;false;false;0;0;31;0;0;0;3693894;0;306106;
154;false;false;1;1;154;0;0;9485;3678570;15324;296621;
102;false;false;0;0;103;0;0;0;3693894;0;306106;
224;false;false;1;1;224;0;0;9485;3678570;15324;296621;
58;false;false;0;0;59;0;0;0;3693894;0;306106;
0;false;false;0;0;1;0;0;0;3693894;0;306106;
10;false;false;0;0;11;0;0;0;3693894;0;306106;
182;false;false;1;1;182;0;0;9485;3678570;15324;296621;
198;false;false;1;1;198;0;0;9485;3678570;15324;296621;
54;false;false;0;0;55;0;0;0;3693894;0;306106;
72;false;false;0;0;73;0;0;0;3693894;0;306106;
22;false;false;0;0;23;0;0;0;3693894;0;306106;
78;false;false;0;0;79;0;0;0;3693894;0;306106;
16;false;false;0;0;17;0;0;0;3693894;0;306106;
42;false;false;0;0;43;0;0;0;3693894;0;306106;
148;false;false;1;1;148;0;0;9485;3678570;15324;296621;
82;false;false;0;0;83;0;0;0;3693894;0;306106;
4;false;false;0;0;5;0;0;0;3693894;0;306106;
80;false;false;0;0;81;0;0;0;3693894;0;306106;
38;false;false;0;0;39;0;0;0;3693894;0;306106;
46;false;false;0;0;47;0;0;0;3693894;0;306106;
32;false;false;0;0;33;0;0;0;3693894;0;306106;
6;false;false;0;0;7;0;0;0;3693894;0;306106;
2;false;false;0;0;3;0;0;0;3693894;0;306106;
70;false;false;0;0;71;0;0;0;3693894;0;306106;
52;false;false;0;0;53;0;0;0;3693894;0;306106;
110;false;false;0;0;111;0;0;0;3693894;0;306106;
86;false;false;0;0;87;0;0;0;3693894;0;306106;
12;false;false;0;0;13;0;0;0;3693894;0;306106;
14;false;false;0;0;15;0;0;0;3693894;0;306106;
44;false;false;0;0;45;0;0;0;3693894;0;306106;
56;false;false;0;0;57;0;0;0;3693894;0;306106;
92;false;false;0;0;93;0;0;0;3693894;0;306106;
34;false;false;0;0;35;0;0;0;3693894;0;306106;
84;false;false;0;0;85;0;0;0;3693894;0;306106;
48;false;false;0;0;49;0;0;0;3693894;0;306106;
112;false;false;0;0;113;0;0;0;3693894;0;306106;
20;false;false;0;0;21;0;0;0;3693894;0;306106;
36;false;false;0;0;37;0;0;0;3693894;0;306106;
24;false;false;0;0;25;0;0;0;3693894;0;306106;
18;false;false;0;0;19;0;0;0;3693894;0;306106;
106;false;false;0;0;107;0;0;0;3693894;0;306106;
118;false;false;0;0;119;0;0;0;3693894;0;306106;
28;false;false;0;0;29;0;0;0;3693894;0;306106;
50;false;false;0;0;51;0;0;0;3693894;0;306106;
116;false;false;0;0;117;0;0;0;3693894;0;306106;
104;false;false;0;0;105;0;0;0;3693894;0;306106;
88;false;false;0;0;89;0;0;0;3693894;0;306106;
98;false;false;0;0;99;0;0;0;3693894;0;306106;
68;false;false;0;0;69;0;0;0;3693894;0;306106;
74;false;false;0;0;75;0;0;0;3693894;0;306106;
66;false;false;0;0;67;0;0;0;3693894;0;306106;
26;false;false;0;0;27;0;0;0;3693894;0;306106;
126;false;false;1;1;126;0;0;9485;3678570;15324;296621;
94;false;false;0;0;95;0;0;0;3693894;0;306106;
114;false;false;0;0;115;0;0;0;3693894;0;306106;
122;false;false;0;0;123;0;0;0;3693894;0;306106;
76;false;false;0;0;77;0;0;0;3693894;0;306106;
64;false;false;0;0;65;0;0;0;3693894;0;306106;
314;false;false;1;2;313;0;0;9485;3678570;15324;296621;
136;false;false;1;1;136;0;0;9485;3678570;15324;296621;
196;false;false;1;1;196;0;0;9485;3678570;15324;296621;
100;false;false;0;0;101;0;0;0;3693894;0;306106;
60;false;false;0;0;61;0;0;0;3693894;0;306106;
96;false;false;0;0;97;0;0;0;3693894;0;306106;
130;false;false;1;1;130;0;0;9485;3678570;15324;296621;
150;false;false;1;1;150;0;0;9485;3678570;15324;296621;
214;false;false;1;1;214;0;0;9485;3678570;15324;296621;
152;false;false;1;1;152;0;0;9485;3678570;15324;296621;
40;false;false;0;0;41;0;0;0;3693894;0;306106;
108;false;false;0;0;109;0;0;0;3693894;0;306106;
170;false;false;1;1;170;0;0;9485;3678570;15324;296621;
232;false;false;1;1;232;0;0;9485;3678570;15324;296621;
208;false;false;1;1;208;0;0;9485;3678570;15324;296621;
376;false;false;1;2;375;0;0;9485;3678570;15324;296621;
250;false;false;1;1;250;0;0;9485;3678570;15324;296621;
120;false;false;0;0;121;0;0;0;3693894;0;306106;
142;false;false;1;1;142;0;0;9485;3678570;15324;296621;
164;false;false;1;1;164;0;0;9485;3678570;15324;296621;
226;false;false;1;1;226;0;0;9485;3678570;15324;296621;
206;false;false;1;1;206;0;0;9485;3678570;15324;296621;
156;false;false;1;1;156;0;0;9485;3678570;15324;296621;
144;false;false;1;1;144;0;0;9485;3678570;15324;296621;
202;false;false;1;1;202;0;0;9485;3678570;15324;296621;
132;false;false;1;1;132;0;0;9485;3678570;15324;296621;
186;false;false;1;1;186;0;0;9485;3678570;15324;296621;
248;false;false;1;1;248;0;0;9485;3678570;15324;296621;
160;false;false;1;1;160;0;0;9485;3678570;15324;296621;
166;false;false;1;1;166;0;0;9485;3678570;15324;296621;
212;false;false;1;1;212;0;0;9485;3678570;15324;296621;
192;false;false;1;1;192;0;0;9485;3678570;15324;296621;
184;false;false;1;1;184;0;0;9485;3678570;15324;296621;
178;false;false;1;1;178;0;0;9485;3678570;15324;296621;
168;false;false;1;1;168;0;0;9485;3678570;15324;296621;
158;false;false;1;1;158;0;0;9485;3678570;15324;296621;
176;false;false;1;1;176;0;0;9485;3678570;15324;296621;
228;false;false;1;1;228;0;0;9485;3678570;15324;296621;
190;false;false;1;1;190;0;0;9485;3678570;15324;296621;
138;false;false;1;1;138;0;0;9485;3678570;15324;296621;
222;false;false;1;1;222;0;0;9485;3678570;15324;296621;
238;false;false;1;1;238;0;0;9485;3678570;15324;296621;
234;false;false;1;1;234;0;0;9485;3678570;15324;296621;
162;false;false;1;1;162;0;0;9485;3678570;15324;296621;
240;false;false;1;1;240;0;0;9485;3678570;15324;296621;
230;false;false;1;1;230;0;0;9485;3678570;15324;296621;
128;false;false;1;1;128;0;0;9485;3678570;15324;296621;
180;false;false;1;1;180;0;0;9485;3678570;15324;296621;
140;false;false;1;1;140;0;0;9485;3678570;15324;296621;
174;false;false;1;1;174;0;0;9485;3678570;15324;296621;
216;false;false;1;1;216;0;0;9485;3678570;15324;296621;
188;false;false;1;1;188;0;0;9485;3678570;15324;296621;
236;false;false;1;1;236;0;0;9485;3678570;15324;296621;
200;false;false;1;1;200;0;0;9485;3678570;15324;296621;
210;false;false;1;1;210;0;0;9485;3678570;15324;296621;
398;false;false;1;2;397;0;0;9485;3678570;15324;296621;
134;false;false;1;1;134;0;0;9485;3678570;15324;296621;
204;false;false;1;1;204;0;0;9485;3678570;15324;296621;
194;false;false;1;1;194;0;0;9485;3678570;15324;296621;
172;false;false;1;1;172;0;0;9485;3678570;15324;296621;
260;false;false;1;2;259;0;0;9485;3678570;15324;296621;
218;false;false;1;1;218;0;0;9485;3678570;15324;296621;
244;false;false;1;1;244;0;0;9485;3678570;15324;296621;
246;false;false;1;1;246;0;0;9485;3678570;15324;296621;
220;false;false;1;1;220;0;0;9485;3678570;15324;296621;
494;false;false;1;2;493;0;0;9485;3678570;15324;296621;
282;false;false;1;2;281;0;0;9485;3678570;15324;296621;
476;false;false;1;2;475;0;0;9485;3678570;15324;296621;
342;false;false;1;2;341;0;0;9485;3678570;15324;296621;
252;false;false;1;2;251;0;0;9485;3678570;15324;296621;
262;false;false;1;2;261;0;0;9485;3678570;15324;296621;
354;false;false;1;2;353;0;0;9485;3678570;15324;296621;
406;false;false;1;2;405;0;0;9485;3678570;15324;296621;
310;false;false;1;2;309;0;0;9485;3678570;15324;296621;
434;false;false;1;2;433;0;0;9485;3678570;15324;296621;
450;false;false;1;2;449;0;0;9485;3678570;15324;296621;
306;false;false;1;2;305;0;0;9485;3678570;15324;296621;
268;false;false;1;2;267;0;0;9485;3678570;15324;296621;
324;false;false;1;2;323;0;0;9485;3678570;15324;296621;
274;false;false;1;2;273;0;0;9485;3678570;15324;296621;
334;false;false;1;2;333;0;0;9485;3678570;15324;296621;
400;false;false;1;2;399;0;0;9485;3678570;15324;296621;
330;false;false;1;2;329;0;0;9485;3678570;15324;296621;
256;false;false;1;2;255;0;0;9485;3678570;15324;296621;
294;false;false;1;2;293;0;0;9485;3678570;15324;296621;
290;false;false;1;2;289;0;0;9485;3678570;15324;296621;
258;false;false;1;2;257;0;0;9485;3678570;15324;296621;
332;false;false;1;2;331;0;0;9485;3678570;15324;296621;
298;false;false;1;2;297;0;0;9485;3678570;15324;296621;
254;false;false;1;2;253;0;0;9485;3678570;15324;296621;
304;false;false;1;2;303;0;0;9485;3678570;15324;296621;
344;false;false;1;2;343;0;0;9485;3678570;15324;296621;
264;false;false;1;2;263;0;0;9485;3678570;15324;296621;
270;false;false;1;2;269;0;0;9485;3678570;15324;296621;
266;false;false;1;2;265;0;0;9485;3678570;15324;296621;
284;false;false;1;2;283;0;0;9485;3678570;15324;296621;
322;false;false;1;2;321;0;0;9485;3678570;15324;296621;
300;false;false;1;2;299;0;0;9485;3678570;15324;296621;
296;false;false;1;2;295;0;0;9485;3678570;15324;296621;
362;false;false;1;2;361;0;0;9485;3678570;15324;296621;
280;false;false;1;2;279;0;0;9485;3678570;15324;296621;
276;false;false;1;2;275;0;0;9485;3678570;15324;296621;
272;false;false;1;2;271;0;0;9485;3678570;15324;296621;
308;false;false;1;2;307;0;0;9485;3678570;15324;296621;
288;false;false;1;2;287;0;0;9485;3678570;15324;296621;
286;false;false;1;2;285;0;0;9485;3678570;15324;296621;
338;false;false;1;2;337;0;0;9485;3678570;15324;296621;
336;false;false;1;2;335;0;0;9485;3678570;15324;296621;
278;false;false;1;2;277;0;0;9485;3678570;15324;296621;
340;false;false;1;2;339;0;0;9485;3678570;15324;296621;
350;false;false;1;2;349;0;0;9485;3678570;15324;296621;
356;false;false;1;2;355;0;0;9485;3678570;15324;296621;
302;false;false;1;2;301;0;0;9485;3678570;15324;296621;
370;false;false;1;2;369;0;0;9485;3678570;15324;296621;
320;false;false;1;2;319;0;0;9485;3678570;15324;296621;
368;false;false;1;2;367;0;0;9485;3678570;15324;296621;
326;false;false;1;2;325;0;0;9485;3678570;15324;296621;
364;false;false;1;2;363;0;0;9485;3678570;15324;296621;
366;false;false;1;2;365;0;0;9485;3678570;15324;296621;
358;false;false;1;2;357;0;0;9485;3678570;15324;296621;
318;false;false;1;2;317;0;0;9485;3678570;15324;296621;
404;false;false;1;2;403;0;0;9485;3678570;15324;296621;
388;false;false;1;2;387;0;0;9485;3678570;15324;296621;
460;false;false;1;2;459;0;0;9485;3678570;15324;296621;
312;false;false;1;2;311;0;0;9485;3678570;15324;296621;
378;false;false;1;2;377;0;0;9485;3678570;15324;296621;
346;false;false;1;2;345;0;0;9485;3678570;15324;296621;
328;false;false;1;2;327;0;0;9485;3678570;15324;296621;
352;false;false;1;2;351;0;0;9485;3678570;15324;296621;
316;false;false;1;2;315;0;0;9485;3678570;15324;296621;
448;false;false;1;2;447;0;0;9485;3678570;15324;296621;
374;false;false;1;2;373;0;0;9485;3678570;15324;296621;
402;false;false;1;2;401;0;0;9485;3678570;15324;296621;
458;false;false;1;2;457;0;0;9485;3678570;15324;296621;
382;false;false;1;2;381;0;0;9485;3678570;15324;296621;
466;false;false;1;2;465;0;0;9485;3678570;15324;296621;
360;false;false;1;2;359;0;0;9485;3678570;15324;296621;
498;false;false;1;2;497;0;0;9485;3678570;15324;296621;
566;false;false;1;2;565;0;0;9485;3678570;15324;296621;
384;false;false;1;2;383;0;0;9485;3678570;15324;296621;
444;false;false;1;2;443;0;0;9485;3678570;15324;296621;
430;false;false;1;2;429;0;0;9485;3678570;15324;296621;
372;false;false;1;2;371;0;0;9485;3678570;15324;296621;
292;false;false;1;2;291;0;0;9485;3678570;15324;296621;
484;false;false;1;2;483;0;0;9485;3678570;15324;296621;
348;false;false;1;2;347;0;0;9485;3678570;15324;296621;
422;false;false;1;2;421;0;0;9485;3678570;15324;296621;
492;false;false;1;2;491;0;0;9485;3678570;15324;296621;
416;false;false;1;2;415;0;0;9485;3678570;15324;296621;
394;false;false;1;2;393;0;0;9485;3678570;15324;296621;
428;false;false;1;2;427;0;0;9485;3678570;15324;296621;
442;false;false;1;2;441;0;0;9485;3678570;15324;296621;
396;false;false;1;2;395;0;0;9485;3678570;15324;296621;
408;false;false;1;2;407;0;0;9485;3678570;15324;296621;
412;false;false;1;2;411;0;0;9485;3678570;15324;296621;
502;false;false;1;2;501;0;0;9485;3678570;15324;296621;
478;false;false;1;2;477;0;0;9485;3678570;15324;296621;
436;false;false;1;2;435;0;0;9485;3678570;15324;296621;
420;false;false;1;2;419;0;0;9485;3678570;15324;296621;
454;false;false;1;2;453;0;0;9485;3678570;15324;296621;
438;false;false;1;2;437;0;0;9485;3678570;15324;296621;
380;false;false;1;2;379;0;0;9485;3678570;15324;296621;
410;false;false;1;2;409;0;0;9485;3678570;15324;296621;
500;false;false;1;2;499;0;0;9485;3678570;15324;296621;
414;false;false;1;2;413;0;0;9485;3678570;15324;296621;
464;false;false;1;2;463;0;0;9485;3678570;15324;296621;
418;false;false;1;2;417;0;0;9485;3678570;15324;296621;
426;false;false;1;2;425;0;0;9485;3678570;15324;296621;
432;false;false;1;2;431;0;0;9485;3678570;15324;296621;
392;false;false;1;2;391;0;0;9485;3678570;15324;296621;
512;false;false;1;2;511;0;0;9485;3678570;15324;296621;
390;false;false;1;2;389;0;0;9485;3678570;15324;296621;
482;false;false;1;2;481;0;0;9485;3678570;15324;296621;
628;true;true;6;7;615;7;0;51498;3604085;89809;254608;
456;false;false;1;2;455;0;0;9485;3678570;15324;296621;
486;false;false;1;2;485;0;0;9485;3678570;15324;296621;
470;false;false;1;2;469;0;0;9485;3678570;15324;296621;
452;false;false;1;2;451;0;0;9485;3678570;15324;296621;
474;false;false;1;2;473;0;0;9485;3678570;15324;296621;
440;false;false;1;2;439;0;0;9485;3678570;15324;296621;
472;false;false;1;2;471;0;0;9485;3678570;15324;296621;
480;false;false;1;2;479;0;0;9485;3678570;15324;296621;
490;false;false;1;2;489;0;0;9485;3678570;15324;296621;
496;false;false;1;2;495;0;0;9485;3678570;15324;296621;
468;false;false;1;2;467;0;0;9485;3678570;15324;296621;
446;false;false;1;2;445;0;0;9485;3678570;15324;296621;
424;false;false;1;2;423;0;0;9485;3678570;15324;296621;
386;false;false;1;2;385;0;0;9485;3678570;15324;296621;
462;false;false;1;2;461;0;0;9485;3678570;15324;296621;
534;false;false;1;2;533;0;0;9485;3678570;15324;296621;
488;false;false;1;2;487;0;0;9485;3678570;15324;296621;
594;false;false;1;2;593;0;0;9485;3678570;15324;296621;
650;false;false;6;8;636;7;0;51498;3604085;89809;254608;
746;false;false;6;8;729;10;0;51498;3604085;89809;254608;
504;false;false;1;2;503;0;0;9485;3678570;15324;296621;
606;false;false;1;2;605;0;0;9485;3678570;15324;296621;
558;false;false;1;2;557;0;0;9485;3678570;15324;296621;
514;false;false;1;2;513;0;0;9485;3678570;15324;296621;
562;false;false;1;2;561;0;0;9485;3678570;15324;296621;
728;false;false;6;8;712;9;0;51498;3604085;89809;254608;
526;false;false;1;2;525;0;0;9485;3678570;15324;296621;
576;false;false;1;2;575;0;0;9485;3678570;15324;296621;
520;false;false;1;2;519;0;0;9485;3678570;15324;296621;
510;false;false;1;2;509;0;0;9485;3678570;15324;296621;
550;false;false;1;2;549;0;0;9485;3678570;15324;296621;
702;false;false;6;8;686;9;0;51498;3604085;89809;254608;
506;false;false;1;2;505;0;0;9485;3678570;15324;296621;
586;false;false;1;2;585;0;0;9485;3678570;15324;296621;
546;false;false;1;2;545;0;0;9485;3678570;15324;296621;
582;false;false;1;2;581;0;0;9485;3678570;15324;296621;
584;false;false;1;2;583;0;0;9485;3678570;15324;296621;
686;false;false;6;8;671;8;0;51498;3604085;89809;254608;
596;false;false;1;2;595;0;0;9485;3678570;15324;296621;
658;false;false;6;8;644;7;0;51498;3604085;89809;254608;
508;false;false;1;2;507;0;0;9485;3678570;15324;296621;
556;false;false;1;2;555;0;0;9485;3678570;15324;296621;
542;false;false;1;2;541;0;0;9485;3678570;15324;296621;
522;false;false;1;2;521;0;0;9485;3678570;15324;296621;
652;false;false;6;8;638;7;0;51498;3604085;89809;254608;
552;false;false;1;2;551;0;0;9485;3678570;15324;296621;
516;false;false;1;2;515;0;0;9485;3678570;15324;296621;
518;false;false;1;2;517;0;0;9485;3678570;15324;296621;
536;false;false;1;2;535;0;0;9485;3678570;15324;296621;
574;false;false;1;2;573;0;0;9485;3678570;15324;296621;
548;false;false;1;2;547;0;0;9485;3678570;15324;296621;
614;false;false;1;2;613;0;0;9485;3678570;15324;296621;
560;false;false;1;2;559;0;0;9485;3678570;15324;296621;
528;false;false;1;2;527;0;0;9485;3678570;15324;296621;
524;false;false;1;2;523;0;0;9485;3678570;15324;296621;
532;false;false;1;2;531;0;0;9485;3678570;15324;296621;
554;false;false;1;2;553;0;0;9485;3678570;15324;296621;
602;false;false;1;2;601;0;0;9485;3678570;15324;296621;
538;false;false;1;2;537;0;0;9485;3678570;15324;296621;
592;false;false;1;2;591;0;0;9485;3678570;15324;296621;
626;true;true;4;5;620;2;0;38342;3634741;59153;267764;
608;false;false;1;2;607;0;0;9485;3678570;15324;296621;
530;false;false;1;2;529;0;0;9485;3678570;15324;296621;
540;false;false;1;2;539;0;0;9485;3678570;15324;296621;
622;false;false;1;2;621;0;0;9485;3678570;15324;296621;
616;false;false;1;2;615;0;0;9485;3678570;15324;296621;
618;false;false;1;2;617;0;0;9485;3678570;15324;296621;
578;false;false;1;2;577;0;0;9485;3678570;15324;296621;
588;false;false;1;2;587;0;0;9485;3678570;15324;296621;
620;false;false;1;2;619;0;0;9485;3678570;15324;296621;
656;false;false;6;8;642;7;0;51498;3604085;89809;254608;
610;false;false;1;2;609;0;0;9485;3678570;15324;296621;
590;false;false;1;2;589;0;0;9485;3678570;15324;296621;
580;false;false;1;2;579;0;0;9485;3678570;15324;296621;
700;false;false;6;8;684;9;0;51498;3604085;89809;254608;
564;false;false;1;2;563;0;0;9485;3678570;15324;296621;
570;false;false;1;2;569;0;0;9485;3678570;15324;296621;
598;false;false;1;2;597;0;0;9485;3678570;15324;296621;
572;false;false;1;2;571;0;0;9485;3678570;15324;296621;
568;false;false;1;2;567;0;0;9485;3678570;15324;296621;
612;false;false;1;2;611;0;0;9485;3678570;15324;296621;
712;false;false;6;8;696;9;0;51498;3604085;89809;254608;
624;true;true;3;4;619;2;0;29695;3650397;43497;276411;
630;false;false;6;8;616;7;0;51498;3604085;89809;254608;
604;false;false;1;2;603;0;0;9485;3678570;15324;296621;
682;false;false;6;8;667;8;0;51498;3604085;89809;254608;
718;false;false;6;8;702;9;0;51498;3604085;89809;254608;
544;false;false;1;2;543;0;0;9485;3678570;15324;296621;
710;false;false;6;8;694;9;0;51498;3604085;89809;254608;
600;false;false;1;2;599;0;0;9485;3678570;15324;296621;
640;false;false;6;8;626;7;0;51498;3604085;89809;254608;
634;false;false;6;8;620;7;0;51498;3604085;89809;254608;
654;false;false;6;8;640;7;0;51498;3604085;89809;254608;
696;false;false;6;8;680;9;0;51498;3604085;89809;254608;
750;false;false;6;10;731;10;0;51498;3604085;89809;254608;
674;false;false;6;8;659;8;0;51498;3604085;89809;254608;
754;false;false;6;13;732;10;0;51498;3604085;89809;254608;
648;false;false;6;8;634;7;0;51498;3604085;89809;254608;
818;false;false;6;14;795;10;0;51498;3604085;89809;254608;
744;false;false;6;8;727;10;0;51498;3604085;89809;254608;
664;false;false;6;8;650;7;0;51498;3604085;89809;254608;
646;false;false;6;8;632;7;0;51498;3604085;89809;254608;
636;false;false;6;8;622;7;0;51498;3604085;89809;254608;
680;false;false;6;8;665;8;0;51498;3604085;89809;254608;
694;false;false;6;8;678;9;0;51498;3604085;89809;254608;
716;false;false;6;8;700;9;0;51498;3604085;89809;254608;
706;false;false;6;8;690;9;0;51498;3604085;89809;254608;
668;false;false;6;8;653;8;0;51498;3604085;89809;254608;
736;false;false;6;8;720;9;0;51498;3604085;89809;254608;
690;false;false;6;8;674;9;0;51498;3604085;89809;254608;
684;false;false;6;8;669;8;0;51498;3604085;89809;254608;
724;false;false;6;8;708;9;0;51498;3604085;89809;254608;
644;false;false;6;8;630;7;0;51498;3604085;89809;254608;
660;false;false;6;8;646;7;0;51498;3604085;89809;254608;
632;false;false;6;8;618;7;0;51498;3604085;89809;254608;
672;false;false;6;8;657;8;0;51498;3604085;89809;254608;
880;false;false;6;15;855;11;0;51810;3599185;94709;254296;
704;false;false;6;8;688;9;0;51498;3604085;89809;254608;
752;false;false;6;11;732;10;0;51498;3604085;89809;254608;
734;false;false;6;8;718;9;0;51498;3604085;89809;254608;
642;false;false;6;8;628;7;0;51498;3604085;89809;254608;
670;false;false;6;8;655;8;0;51498;3604085;89809;254608;
738;false;false;6;8;721;10;0;51498;3604085;89809;254608;
742;false;false;6;8;725;10;0;51498;3604085;89809;254608;
688;false;false;6;8;673;8;0;51498;3604085;89809;254608;
730;false;false;6;8;714;9;0;51498;3604085;89809;254608;
666;false;false;6;8;652;7;0;51498;3604085;89809;254608;
662;false;false;6;8;648;7;0;51498;3604085;89809;254608;
698;false;false;6;8;682;9;0;51498;3604085;89809;254608;
708;false;false;6;8;692;9;0;51498;3604085;89809;254608;
722;false;false;6;8;706;9;0;51498;3604085;89809;254608;
676;false;false;6;8;661;8;0;51498;3604085;89809;254608;
714;false;false;6;8;698;9;0;51498;3604085;89809;254608;
678;false;false;6;8;663;8;0;51498;3604085;89809;254608;
748;false;false;6;8;731;10;0;51498;3604085;89809;254608;
764;false;false;6;14;741;10;0;51498;3604085;89809;254608;
732;false;false;6;8;716;9;0;51498;3604085;89809;254608;
726;false;false;6;8;710;9;0;51498;3604085;89809;254608;
692;false;false;6;8;676;9;0;51498;3604085;89809;254608;
998;false;false;6;16;971;12;0;51810;3599185;94709;254296;
786;false;false;6;14;763;10;0;51498;3604085;89809;254608;
720;false;false;6;8;704;9;0;51498;3604085;89809;254608;
858;false;false;6;14;834;11;0;51810;3599185;94709;254296;
740;false;false;6;8;723;10;0;51498;3604085;89809;254608;
772;false;false;6;14;749;10;0;51498;3604085;89809;254608;
638;false;false;6;8;624;7;0;51498;3604085;89809;254608;
756;false;false;6;14;733;10;0;51498;3604085;89809;254608;
846;false;false;6;14;822;11;0;51498;3604085;89809;254608;
766;false;false;6;14;743;10;0;51498;3604085;89809;254608;
902;false;false;6;16;876;11;0;51810;3599185;94709;254296;
836;false;false;6;14;812;11;0;51498;3604085;89809;254608;
802;false;false;6;14;779;10;0;51498;3604085;89809;254608;
834;false;false;6;14;810;11;0;51498;3604085;89809;254608;
838;false;false;6;14;814;11;0;51498;3604085;89809;254608;
798;false;false;6;14;775;10;0;51498;3604085;89809;254608;
980;false;false;6;16;953;12;0;51810;3599185;94709;254296;
762;false;false;6;14;739;10;0;51498;3604085;89809;254608;
814;false;false;6;14;791;10;0;51498;3604085;89809;254608;
810;false;false;6;14;787;10;0;51498;3604085;89809;254608;
828;false;false;6;14;804;11;0;51498;3604085;89809;254608;
758;false;false;6;14;735;10;0;51498;3604085;89809;254608;
848;false;false;6;14;824;11;0;51498;3604085;89809;254608;
938;false;false;6;16;912;11;0;51810;3599185;94709;254296;
812;false;false;6;14;789;10;0;51498;3604085;89809;254608;
954;false;false;6;16;927;12;0;51810;3599185;94709;254296;
788;false;false;6;14;765;10;0;51498;3604085;89809;254608;
778;false;false;6;14;755;10;0;51498;3604085;89809;254608;
904;false;false;6;16;878;11;0;51810;3599185;94709;254296;
910;false;false;6;16;884;11;0;51810;3599185;94709;254296;
808;false;false;6;14;785;10;0;51498;3604085;89809;254608;
760;false;false;6;14;737;10;0;51498;3604085;89809;254608;
794;false;false;6;14;771;10;0;51498;3604085;89809;254608;
860;false;false;6;14;836;11;0;51810;3599185;94709;254296;
826;false;false;6;14;802;11;0;51498;3604085;89809;254608;
770;false;false;6;14;747;10;0;51498;3604085;89809;254608;
774;false;false;6;14;751;10;0;51498;3604085;89809;254608;
804;false;false;6;14;781;10;0;51498;3604085;89809;254608;
800;false;false;6;14;777;10;0;51498;3604085;89809;254608;
854;false;false;6;14;830;11;0;51810;3599185;94709;254296;
792;false;false;6;14;769;10;0;51498;3604085;89809;254608;
776;false;false;6;14;753;10;0;51498;3604085;89809;254608;
790;false;false;6;14;767;10;0;51498;3604085;89809;254608;
844;false;false;6;14;820;11;0;51498;3604085;89809;254608;
780;false;false;6;14;757;10;0;51498;3604085;89809;254608;
862;false;false;6;14;838;11;0;51810;3599185;94709;254296;
768;false;false;6;14;745;10;0;51498;3604085;89809;254608;
784;false;false;6;14;761;10;0;51498;3604085;89809;254608;
878;false;false;6;15;853;11;0;51810;3599185;94709;254296;
782;false;false;6;14;759;10;0;51498;3604085;89809;254608;
806;false;false;6;14;783;10;0;51498;3604085;89809;254608;
952;false;false;6;16;925;12;0;51810;3599185;94709;254296;
866;false;false;6;14;842;11;0;51810;3599185;94709;254296;
874;false;false;6;14;850;11;0;51810;3599185;94709;254296;
842;false;false;6;14;818;11;0;51498;3604085;89809;254608;
840;false;false;6;14;816;11;0;51498;3604085;89809;254608;
832;false;false;6;14;808;11;0;51498;3604085;89809;254608;
870;false;false;6;14;846;11;0;51810;3599185;94709;254296;
872;false;false;6;14;848;11;0;51810;3599185;94709;254296;
830;false;false;6;14;806;11;0;51498;3604085;89809;254608;
908;false;false;6;16;882;11;0;51810;3599185;94709;254296;
868;false;false;6;14;844;11;0;51810;3599185;94709;254296;
822;false;false;6;14;799;10;0;51498;3604085;89809;254608;
824;false;false;6;14;800;11;0;51498;3604085;89809;254608;
816;false;false;6;14;793;10;0;51498;3604085;89809;254608;
864;false;false;6;14;840;11;0;51810;3599185;94709;254296;
856;false;false;6;14;832;11;0;51810;3599185;94709;254296;
850;false;false;6;14;826;11;0;51498;3604085;89809;254608;
962;false;false;6;16;935;12;0;51810;3599185;94709;254296;
926;false;false;6;16;900;11;0;51810;3599185;94709;254296;
898;false;false;6;16;872;11;0;51810;3599185;94709;254296;
964;false;false;6;16;937;12;0;51810;3599185;94709;254296;
820;false;false;6;14;797;10;0;51498;3604085;89809;254608;
948;false;false;6;16;922;11;0;51810;3599185;94709;254296;
796;false;false;6;14;773;10;0;51498;3604085;89809;254608;
970;false;false;6;16;943;12;0;51810;3599185;94709;254296;
882;false;false;6;16;856;11;0;51810;3599185;94709;254296;
886;false;false;6;16;860;11;0;51810;3599185;94709;254296;
876;false;false;6;14;852;11;0;51810;3599185;94709;254296;
892;false;false;6;16;866;11;0;51810;3599185;94709;254296;
1002;false;false;6;16;975;12;0;51810;3599185;94709;254296;
852;false;false;6;14;828;11;0;51498;3604085;89809;254608;
1006;false;false;6;17;978;12;0;51810;3599185;94709;254296;
900;false;false;6;16;874;11;0;51810;3599185;94709;254296;
936;false;false;6;16;910;11;0;51810;3599185;94709;254296;
906;false;false;6;16;880;11;0;51810;3599185;94709;254296;
958;false;false;6;16;931;12;0;51810;3599185;94709;254296;
888;false;false;6;16;862;11;0;51810;3599185;94709;254296;
932;false;false;6;16;906;11;0;51810;3599185;94709;254296;
916;false;false;6;16;890;11;0;51810;3599185;94709;254296;
934;false;false;6;16;908;11;0;51810;3599185;94709;254296;
956;false;false;6;16;929;12;0;51810;3599185;94709;254296;
968;false;false;6;16;941;12;0;51810;3599185;94709;254296;
986;false;false;6;16;959;12;0;51810;3599185;94709;254296;
912;false;false;6;16;886;11;0;51810;3599185;94709;254296;
1070;false;false;6;18;1041;12;0;51810;3599185;94709;254296;
896;false;false;6;16;870;11;0;51810;3599185;94709;254296;
946;false;false;6;16;920;11;0;51810;3599185;94709;254296;
988;false;false;6;16;961;12;0;51810;3599185;94709;254296;
994;false;false;6;16;967;12;0;51810;3599185;94709;254296;
996;false;false;6;16;969;12;0;51810;3599185;94709;254296;
884;false;false;6;16;858;11;0;51810;3599185;94709;254296;
976;false;false;6;16;949;12;0;51810;3599185;94709;254296;
944;false;false;6;16;918;11;0;51810;3599185;94709;254296;
942;false;false;6;16;916;11;0;51810;3599185;94709;254296;
914;false;false;6;16;888;11;0;51810;3599185;94709;254296;
920;false;false;6;16;894;11;0;51810;3599185;94709;254296;
922;false;false;6;16;896;11;0;51810;3599185;94709;254296;
982;false;false;6;16;955;12;0;51810;3599185;94709;254296;
924;false;false;6;16;898;11;0;51810;3599185;94709;254296;
950;false;false;6;16;923;12;0;51810;3599185;94709;254296;
990;false;false;6;16;963;12;0;51810;3599185;94709;254296;
1132;false;false;6;18;1103;12;0;51810;3599185;94709;254296;
894;false;false;6;16;868;11;0;51810;3599185;94709;254296;
974;false;false;6;16;947;12;0;51810;3599185;94709;254296;
928;false;false;6;16;902;11;0;51810;3599185;94709;254296;
940;false;false;6;16;914;11;0;51810;3599185;94709;254296;
1250;false;false;6;18;1221;12;0;51810;3599185;94709;254296;
1004;false;false;6;17;976;12;0;51810;3599185;94709;254296;
930;false;false;6;16;904;11;0;51810;3599185;94709;254296;
972;false;false;6;16;945;12;0;51810;3599185;94709;254296;
978;false;false;6;16;951;12;0;51810;3599185;94709;254296;
1000;false;false;6;16;973;12;0;51810;3599185;94709;254296;
966;false;false;6;16;939;12;0;51810;3599185;94709;254296;
1016;false;false;6;18;987;12;0;51810;3599185;94709;254296;
890;false;false;6;16;864;11;0;51810;3599185;94709;254296;
960;false;false;6;16;933;12;0;51810;3599185;94709;254296;
918;false;false;6;16;892;11;0;51810;3599185;94709;254296;
1090;false;false;6;18;1061;12;0;51810;3599185;94709;254296;
1110;false;false;6;18;1081;12;0;51810;3599185;94709;254296;
984;false;false;6;16;957;12;0;51810;3599185;94709;254296;
1008;false;false;6;18;979;12;0;51810;3599185;94709;254296;
1018;false;false;6;18;989;12;0;51810;3599185;94709;254296;
1038;false;false;6;18;1009;12;0;51810;3599185;94709;254296;
992;false;false;6;16;965;12;0;51810;3599185;94709;254296;
1098;false;false;6;18;1069;12;0;51810;3599185;94709;254296;
1232;false;false;6;18;1203;12;0;51810;3599185;94709;254296;
1086;false;false;6;18;1057;12;0;51810;3599185;94709;254296;
1054;false;false;6;18;1025;12;0;51810;3599185;94709;254296;
1014;false;false;6;18;985;12;0;51810;3599185;94709;254296;
1024;false;false;6;18;995;12;0;51810;3599185;94709;254296;
1062;false;false;6;18;1033;12;0;51810;3599185;94709;254296;
1050;false;false;6;18;1021;12;0;51810;3599185;94709;254296;
1100;false;false;6;18;1071;12;0;51810;3599185;94709;254296;
1010;false;false;6;18;981;12;0;51810;3599185;94709;254296;
1080;false;false;6;18;1051;12;0;51810;3599185;94709;254296;
1066;false;false;6;18;1037;12;0;51810;3599185;94709;254296;
1030;false;false;6;18;1001;12;0;51810;3599185;94709;254296;
1060;false;false;6;18;1031;12;0;51810;3599185;94709;254296;
1154;false;false;6;18;1125;12;0;51810;3599185;94709;254296;
1088;false;false;6;18;1059;12;0;51810;3599185;94709;254296;
1040;false;false;6;18;1011;12;0;51810;3599185;94709;254296;
1012;false;false;6;18;983;12;0;51810;3599185;94709;254296;
1046;false;false;6;18;1017;12;0;51810;3599185;94709;254296;
1206;false;false;6;18;1177;12;0;51810;3599185;94709;254296;
1064;false;false;6;18;1035;12;0;51810;3599185;94709;254296;
1190;false;false;6;18;1161;12;0;51810;3599185;94709;254296;
1078;false;false;6;18;1049;12;0;51810;3599185;94709;254296;
1162;false;false;6;18;1133;12;0;51810;3599185;94709;254296;
1112;false;false;6;18;1083;12;0;51810;3599185;94709;254296;
1156;false;false;6;18;1127;12;0;51810;3599185;94709;254296;
1056;false;false;6;18;1027;12;0;51810;3599185;94709;254296;
1052;false;false;6;18;1023;12;0;51810;3599185;94709;254296;
1022;false;false;6;18;993;12;0;51810;3599185;94709;254296;
1026;false;false;6;18;997;12;0;51810;3599185;94709;254296;
1044;false;false;6;18;1015;12;0;51810;3599185;94709;254296;
1028;false;false;6;18;999;12;0;51810;3599185;94709;254296;
1130;false;false;6;18;1101;12;0;51810;3599185;94709;254296;
1106;false;false;6;18;1077;12;0;51810;3599185;94709;254296;
1032;false;false;6;18;1003;12;0;51810;3599185;94709;254296;
1042;false;false;6;18;1013;12;0;51810;3599185;94709;254296;
1114;false;false;6;18;1085;12;0;51810;3599185;94709;254296;
1204;false;false;6;18;1175;12;0;51810;3599185;94709;254296;
1058;false;false;6;18;1029;12;0;51810;3599185;94709;254296;
1216;false;false;6;18;1187;12;0;51810;3599185;94709;254296;
1124;false;false;6;18;1095;12;0;51810;3599185;94709;254296;
1034;false;false;6;18;1005;12;0;51810;3599185;94709;254296;
1118;false;false;6;18;1089;12;0;51810;3599185;94709;254296;
1036;false;false;6;18;1007;12;0;51810;3599185;94709;254296;
1126;false;false;6;18;1097;12;0;51810;3599185;94709;254296;
1096;false;false;6;18;1067;12;0;51810;3599185;94709;254296;
1020;false;false;6;18;991;12;0;51810;3599185;94709;254296;
1082;false;false;6;18;1053;12;0;51810;3599185;94709;254296;
1122;false;false;6;18;1093;12;0;51810;3599185;94709;254296;
1074;false;false;6;18;1045;12;0;51810;3599185;94709;254296;
1094;false;false;6;18;1065;12;0;51810;3599185;94709;254296;
1084;false;false;6;18;1055;12;0;51810;3599185;94709;254296;
1068;false;false;6;18;1039;12;0;51810;3599185;94709;254296;
1092;false;false;6;18;1063;12;0;51810;3599185;94709;254296;
1120;false;false;6;18;1091;12;0;51810;3599185;94709;254296;
1076;false;false;6;18;1047;12;0;51810;3599185;94709;254296;
1160;false;false;6;18;1131;12;0;51810;3599185;94709;254296;
1108;false;false;6;18;1079;12;0;51810;3599185;94709;254296;
1102;false;false;6;18;1073;12;0;51810;3599185;94709;254296;
1048;false;false;6;18;1019;12;0;51810;3599185;94709;254296;
1178;false;false;6;18;1149;12;0;51810;3599185;94709;254296;
1214;false;false;6;18;1185;12;0;51810;3599185;94709;254296;
1072;false;false;6;18;1043;12;0;51810;3599185;94709;254296;
1104;false;false;6;18;1075;12;0;51810;3599185;94709;254296;
1144;false;false;6;18;1115;12;0;51810;3599185;94709;254296;
1116;false;false;6;18;1087;12;0;51810;3599185;94709;254296;
1222;false;false;6;18;1193;12;0;51810;3599185;94709;254296;
1138;false;false;6;18;1109;12;0;51810;3599185;94709;254296;
1152;false;false;6;18;1123;12;0;51810;3599185;94709;254296;
1128;false;false;6;18;1099;12;0;51810;3599185;94709;254296;
1200;false;false;6;18;1171;12;0;51810;3599185;94709;254296;
1150;false;false;6;18;1121;12;0;51810;3599185;94709;254296;
1208;false;false;6;18;1179;12;0;51810;3599185;94709;254296;
1254;false;false;6;18;1225;12;0;51810;3599185;94709;254296;
1258;false;false;6;18;1229;12;0;51810;3599185;94709;254296;
1158;false;false;6;18;1129;12;0;51810;3599185;94709;254296;
1168;false;false;6;18;1139;12;0;51810;3599185;94709;254296;
1238;false;false;6;18;1209;12;0;51810;3599185;94709;254296;
1210;false;false;6;18;1181;12;0;51810;3599185;94709;254296;
1134;false;false;6;18;1105;12;0;51810;3599185;94709;254296;
1140;false;false;6;18;1111;12;0;51810;3599185;94709;254296;
1248;false;false;6;18;1219;12;0;51810;3599185;94709;254296;
1240;false;false;6;18;1211;12;0;51810;3599185;94709;254296;
1322;false;false;6;18;1292;13;0;51810;3599185;94709;254296;
1188;false;false;6;18;1159;12;0;51810;3599185;94709;254296;
1174;false;false;6;18;1145;12;0;51810;3599185;94709;254296;
1186;false;false;6;18;1157;12;0;51810;3599185;94709;254296;
1148;false;false;6;18;1119;12;0;51810;3599185;94709;254296;
1172;false;false;6;18;1143;12;0;51810;3599185;94709;254296;
1228;false;false;6;18;1199;12;0;51810;3599185;94709;254296;
1220;false;false;6;18;1191;12;0;51810;3599185;94709;254296;
1136;false;false;6;18;1107;12;0;51810;3599185;94709;254296;
1196;false;false;6;18;1167;12;0;51810;3599185;94709;254296;
1164;false;false;6;18;1135;12;0;51810;3599185;94709;254296;
1198;false;false;6;18;1169;12;0;51810;3599185;94709;254296;
1184;false;false;6;18;1155;12;0;51810;3599185;94709;254296;
1194;false;false;6;18;1165;12;0;51810;3599185;94709;254296;
1166;false;false;6;18;1137;12;0;51810;3599185;94709;254296;
1202;false;false;6;18;1173;12;0;51810;3599185;94709;254296;
1234;false;false;6;18;1205;12;0;51810;3599185;94709;254296;
1242;false;false;6;18;1213;12;0;51810;3599185;94709;254296;
1246;false;false;6;18;1217;12;0;51810;3599185;94709;254296;
1192;false;false;6;18;1163;12;0;51810;3599185;94709;254296;
1146;false;false;6;18;1117;12;0;51810;3599185;94709;254296;
1176;false;false;6;18;1147;12;0;51810;3599185;94709;254296;
1170;false;false;6;18;1141;12;0;51810;3599185;94709;254296;
1182;false;false;6;18;1153;12;0;51810;3599185;94709;254296;
1362;false;false;6;18;1330;15;0;51810;3599185;94709;254296;
1252;false;false;6;18;1223;12;0;51810;3599185;94709;254296;
1260;false;false;6;18;1231;12;0;51810;3599185;94709;254296;
1268;false;false;6;18;1238;13;0;51810;3599185;94709;254296;
1342;false;false;6;18;1311;14;0;51810;3599185;94709;254296;
1384;false;false;10;24;1335;26;0;77715;3542450;151444;228391;
1212;false;false;6;18;1183;12;0;51810;3599185;94709;254296;
1226;false;false;6;18;1197;12;0;51810;3599185;94709;254296;
1236;false;false;6;18;1207;12;0;51810;3599185;94709;254296;
1180;false;false;6;18;1151;12;0;51810;3599185;94709;254296;
1142;false;false;6;18;1113;12;0;51810;3599185;94709;254296;
1244;false;false;6;18;1215;12;0;51810;3599185;94709;254296;
1224;false;false;6;18;1195;12;0;51810;3599185;94709;254296;
1256;false;false;6;18;1227;12;0;51810;3599185;94709;254296;
1218;false;false;6;18;1189;12;0;51810;3599185;94709;254296;
1290;false;false;6;18;1260;13;0;51810;3599185;94709;254296;
1312;false;false;6;18;1282;13;0;51810;3599185;94709;254296;
1230;false;false;6;18;1201;12;0;51810;3599185;94709;254296;
1502;false;false;10;26;1441;36;0;73567;3539244;154650;232539;
1262;false;false;6;18;1233;12;0;51810;3599185;94709;254296;
1350;false;false;6;18;1319;14;0;51810;3599185;94709;254296;
1266;false;false;6;18;1237;12;0;51810;3599185;94709;254296;
1298;false;false;6;18;1268;13;0;51810;3599185;94709;254296;
1314;false;false;6;18;1284;13;0;51810;3599185;94709;254296;
1276;false;false;6;18;1246;13;0;51810;3599185;94709;254296;
1270;false;false;6;18;1240;13;0;51810;3599185;94709;254296;
1302;false;false;6;18;1272;13;0;51810;3599185;94709;254296;
1306;false;false;6;18;1276;13;0;51810;3599185;94709;254296;
1338;false;false;6;18;1307;14;0;51810;3599185;94709;254296;
1484;false;false;10;24;1427;34;0;77715;3542450;151444;228391;
1292;false;false;6;18;1262;13;0;51810;3599185;94709;254296;
1282;false;false;6;18;1252;13;0;51810;3599185;94709;254296;
1340;false;false;6;18;1309;14;0;51810;3599185;94709;254296;
1264;false;false;6;18;1235;12;0;51810;3599185;94709;254296;
1304;false;false;6;18;1274;13;0;51810;3599185;94709;254296;
1318;false;false;6;18;1288;13;0;51810;3599185;94709;254296;
1332;false;false;6;18;1302;13;0;51810;3599185;94709;254296;
1406;false;false;10;24;1355;28;0;77715;3542450;151444;228391;
1352;false;false;6;18;1320;15;0;51810;3599185;94709;254296;
1280;false;false;6;18;1250;13;0;51810;3599185;94709;254296;
1308;false;false;6;18;1278;13;0;51810;3599185;94709;254296;
1316;false;false;6;18;1286;13;0;51810;3599185;94709;254296;
1274;false;false;6;18;1244;13;0;51810;3599185;94709;254296;
1330;false;false;6;18;1300;13;0;51810;3599185;94709;254296;
1414;false;false;10;24;1362;29;0;77715;3542450;151444;228391;
1364;false;false;6;18;1332;15;0;51810;3599185;94709;254296;
1458;false;false;10;24;1404;31;0;77715;3542450;151444;228391;
1344;false;false;6;18;1313;14;0;51810;3599185;94709;254296;
1294;false;false;6;18;1264;13;0;51810;3599185;94709;254296;
1278;false;false;6;18;1248;13;0;51810;3599185;94709;254296;
1408;false;false;10;24;1357;28;0;77715;3542450;151444;228391;
1442;false;false;10;24;1389;30;0;77715;3542450;151444;228391;
1358;false;false;6;18;1326;15;0;51810;3599185;94709;254296;
1376;false;false;6;20;1340;17;0;51810;3599185;94709;254296;
1288;false;false;6;18;1258;13;0;51810;3599185;94709;254296;
1284;false;false;6;18;1254;13;0;51810;3599185;94709;254296;
1366;false;false;6;18;1333;16;0;51810;3599185;94709;254296;
1370;false;false;6;18;1336;17;0;51810;3599185;94709;254296;
1468;false;false;10;24;1413;32;0;77715;3542450;151444;228391;
1286;false;false;6;18;1256;13;0;51810;3599185;94709;254296;
1374;false;false;6;19;1339;17;0;51810;3599185;94709;254296;
1348;false;false;6;18;1317;14;0;51810;3599185;94709;254296;
1296;false;false;6;18;1266;13;0;51810;3599185;94709;254296;
1326;false;false;6;18;1296;13;0;51810;3599185;94709;254296;
1310;false;false;6;18;1280;13;0;51810;3599185;94709;254296;
1378;true;true;7;21;1336;22;0;56393;3579735;114159;249713;
1382;false;false;10;24;1333;26;0;77715;3542450;151444;228391;
1320;false;false;6;18;1290;13;0;51810;3599185;94709;254296;
1456;false;false;10;24;1402;31;0;77715;3542450;151444;228391;
1328;false;false;6;18;1298;13;0;51810;3599185;94709;254296;
1272;false;false;6;18;1242;13;0;51810;3599185;94709;254296;
1336;false;false;6;18;1305;14;0;51810;3599185;94709;254296;
1360;false;false;6;18;1328;15;0;51810;3599185;94709;254296;
1334;false;false;6;18;1304;13;0;51810;3599185;94709;254296;
1346;false;false;6;18;1315;14;0;51810;3599185;94709;254296;
1300;false;false;6;18;1270;13;0;51810;3599185;94709;254296;
1354;false;false;6;18;1322;15;0;51810;3599185;94709;254296;
1412;false;false;10;24;1360;29;0;77715;3542450;151444;228391;
1356;false;false;6;18;1324;15;0;51810;3599185;94709;254296;
1372;false;false;6;18;1338;17;0;51810;3599185;94709;254296;
1474;false;false;10;24;1419;32;0;77715;3542450;151444;228391;
1324;false;false;6;18;1294;13;0;51810;3599185;94709;254296;
1466;false;false;10;24;1411;32;0;77715;3542450;151444;228391;
1368;false;false;6;18;1334;17;0;51810;3599185;94709;254296;
1430;false;false;10;24;1378;29;0;77715;3542450;151444;228391;
1402;false;false;10;24;1351;28;0;77715;3542450;151444;228391;
1390;false;false;10;24;1341;26;0;77715;3542450;151444;228391;
1410;false;false;10;24;1358;29;0;77715;3542450;151444;228391;
1460;false;false;10;24;1406;31;0;77715;3542450;151444;228391;
1438;false;false;10;24;1385;30;0;77715;3542450;151444;228391;
1506;false;false;10;29;1442;36;0;73567;3539244;154650;232539;
1404;false;false;10;24;1353;28;0;77715;3542450;151444;228391;
1386;false;false;10;24;1337;26;0;77715;3542450;151444;228391;
1396;false;false;10;24;1346;27;0;77715;3542450;151444;228391;
1418;false;false;10;24;1366;29;0;77715;3542450;151444;228391;
1452;false;false;10;24;1398;31;0;77715;3542450;151444;228391;
1392;false;false;10;24;1343;26;0;77715;3542450;151444;228391;
1420;false;false;10;24;1368;29;0;77715;3542450;151444;228391;
1472;false;false;10;24;1417;32;0;77715;3542450;151444;228391;
1510;false;false;10;30;1445;36;0;73567;3539244;154650;232539;
1380;true;true;9;23;1332;26;0;77220;3565087;128807;228886;
1424;false;false;10;24;1372;29;0;77715;3542450;151444;228391;
1388;false;false;10;24;1339;26;0;77715;3542450;151444;228391;
1490;false;false;10;24;1433;34;0;77715;3542450;151444;228391;
1500;false;false;10;25;1440;36;0;73567;3539244;154650;232539;
1498;false;false;10;24;1439;36;0;73567;3539244;154650;232539;
1494;false;true;10;24;1435;36;0;73567;3539244;154650;232539;
1512;false;false;10;30;1447;36;0;73567;3539244;154650;232539;
1422;false;false;10;24;1370;29;0;77715;3542450;151444;228391;
1492;false;false;10;24;1434;35;0;77715;3542450;151444;228391;
1450;false;false;10;24;1396;31;0;77715;3542450;151444;228391;
1454;false;false;10;24;1400;31;0;77715;3542450;151444;228391;
1436;false;false;10;24;1383;30;0;77715;3542450;151444;228391;
1446;false;false;10;24;1393;30;0;77715;3542450;151444;228391;
1440;false;false;10;24;1387;30;0;77715;3542450;151444;228391;
1574;false;false;10;30;1508;37;0;73567;3539244;154650;232539;
1462;false;false;10;24;1407;32;0;77715;3542450;151444;228391;
1432;false;false;10;24;1380;29;0;77715;3542450;151444;228391;
1426;false;false;10;24;1374;29;0;77715;3542450;151444;228391;
1480;false;false;10;24;1423;34;0;77715;3542450;151444;228391;
1636;false;false;10;31;1564;42;0;86107;3560857;133037;219999;
1400;false;false;10;24;1349;28;0;77715;3542450;151444;228391;
1478;false;false;10;24;1422;33;0;77715;3542450;151444;228391;
1594;false;false;10;30;1526;39;0;73307;3549118;144776;232799;
1448;false;false;10;24;1395;30;0;77715;3542450;151444;228391;
1416;false;false;10;24;1364;29;0;77715;3542450;151444;228391;
1504;false;false;10;27;1442;36;0;73567;3539244;154650;232539;
1434;false;false;10;24;1382;29;0;77715;3542450;151444;228391;
1486;false;false;10;24;1429;34;0;77715;3542450;151444;228391;
1464;false;false;10;24;1409;32;0;77715;3542450;151444;228391;
1542;false;false;10;30;1476;37;0;73567;3539244;154650;232539;
1496;false;false;10;24;1437;36;0;73567;3539244;154650;232539;
1564;false;false;10;30;1498;37;0;73567;3539244;154650;232539;
1398;false;false;10;24;1347;28;0;77715;3542450;151444;228391;
1614;false;false;10;30;1546;39;0;73307;3549118;144776;232799;
1754;false;false;10;32;1679;44;0;86054;3555831;138063;220052;
1520;false;false;10;30;1455;36;0;73567;3539244;154650;232539;
1444;false;false;10;24;1391;30;0;77715;3542450;151444;228391;
1394;false;false;10;24;1344;27;0;77715;3542450;151444;228391;
1428;false;false;10;24;1376;29;0;77715;3542450;151444;228391;
1566;false;false;10;30;1500;37;0;73567;3539244;154650;232539;
1508;false;false;10;30;1443;36;0;73567;3539244;154650;232539;
1488;false;false;10;24;1431;34;0;77715;3542450;151444;228391;
1602;false;false;10;30;1534;39;0;73307;3549118;144776;232799;
1476;false;false;10;24;1421;32;0;77715;3542450;151444;228391;
1470;false;false;10;24;1415;32;0;77715;3542450;151444;228391;
1514;false;false;10;30;1449;36;0;73567;3539244;154650;232539;
1570;false;false;10;30;1504;37;0;73567;3539244;154650;232539;
1482;false;false;10;24;1425;34;0;77715;3542450;151444;228391;
1736;false;false;10;31;1663;43;0;86054;3555831;138063;220052;
1592;false;false;10;30;1524;39;0;73307;3549118;144776;232799;
1518;false;false;10;30;1453;36;0;73567;3539244;154650;232539;
1584;false;false;10;30;1516;39;0;73307;3549118;144776;232799;
1558;false;false;10;30;1492;37;0;73567;3539244;154650;232539;
1550;false;false;10;30;1484;37;0;73567;3539244;154650;232539;
1544;false;false;10;30;1478;37;0;73567;3539244;154650;232539;
1534;false;false;10;30;1469;36;0;73567;3539244;154650;232539;
1554;false;false;10;30;1488;37;0;73567;3539244;154650;232539;
1556;false;false;10;30;1490;37;0;73567;3539244;154650;232539;
1522;false;false;10;30;1457;36;0;73567;3539244;154650;232539;
1590;false;false;10;30;1522;39;0;73307;3549118;144776;232799;
1516;false;false;10;30;1451;36;0;73567;3539244;154650;232539;
1532;false;false;10;30;1467;36;0;73567;3539244;154650;232539;
1658;false;false;10;31;1586;42;0;86107;3560857;133037;219999;
1528;false;false;10;30;1463;36;0;73567;3539244;154650;232539;
1604;false;false;10;30;1536;39;0;73307;3549118;144776;232799;
1710;false;false;10;31;1637;43;0;86054;3555831;138063;220052;
1560;false;false;10;30;1494;37;0;73567;3539244;154650;232539;
1610;false;false;10;30;1542;39;0;73307;3549118;144776;232799;
1720;false;false;10;31;1647;43;0;86054;3555831;138063;220052;
1666;false;false;10;31;1594;42;0;86054;3555831;138063;220052;
1628;true;true;10;31;1556;42;0;86107;3560857;133037;219999;
1618;false;false;10;30;1550;39;0;77445;3552352;141542;228661;
1660;false;false;10;31;1588;42;0;86107;3560857;133037;219999;
1526;false;false;10;30;1461;36;0;73567;3539244;154650;232539;
1622;false;false;10;30;1554;39;0;77445;3552352;141542;228661;
1568;false;false;10;30;1502;37;0;73567;3539244;154650;232539;
1540;false;false;10;30;1474;37;0;73567;3539244;154650;232539;
1616;false;true;10;30;1548;39;0;77445;3552352;141542;228661;
1642;false;false;10;31;1570;42;0;86107;3560857;133037;219999;
1596;false;false;10;30;1528;39;0;73307;3549118;144776;232799;
1582;false;false;10;30;1514;39;0;73307;3549118;144776;232799;
1530;false;false;10;30;1465;36;0;73567;3539244;154650;232539;
1536;false;false;10;30;1471;36;0;73567;3539244;154650;232539;
1694;false;false;10;31;1622;42;0;86054;3555831;138063;220052;
1548;false;false;10;30;1482;37;0;73567;3539244;154650;232539;
1588;false;false;10;30;1520;39;0;73307;3549118;144776;232799;
1626;false;false;10;30;1557;40;0;77445;3552352;141542;228661;
1608;false;false;10;30;1540;39;0;73307;3549118;144776;232799;
1546;false;false;10;30;1480;37;0;73567;3539244;154650;232539;
1562;false;false;10;30;1496;37;0;73567;3539244;154650;232539;
1726;false;false;10;31;1653;43;0;86054;3555831;138063;220052;
1524;false;false;10;30;1459;36;0;73567;3539244;154650;232539;
1624;false;false;10;30;1555;40;0;77445;3552352;141542;228661;
1708;false;false;10;31;1635;43;0;86054;3555831;138063;220052;
1580;false;false;10;30;1512;39;0;73307;3549118;144776;232799;
1578;false;false;10;30;1511;38;0;73307;3549118;144776;232799;
1612;false;false;10;30;1544;39;0;73307;3549118;144776;232799;
1600;false;false;10;30;1532;39;0;73307;3549118;144776;232799;
1572;false;false;10;30;1506;37;0;73567;3539244;154650;232539;
1634;false;false;10;31;1562;42;0;86107;3560857;133037;219999;
1552;false;false;10;30;1486;37;0;73567;3539244;154650;232539;
1538;false;false;10;30;1472;37;0;73567;3539244;154650;232539;
1586;false;false;10;30;1518;39;0;73307;3549118;144776;232799;
1630;false;false;10;31;1558;42;0;86107;3560857;133037;219999;
1598;false;false;10;30;1530;39;0;73307;3549118;144776;232799;
1664;false;false;10;31;1592;42;0;86054;3555831;138063;220052;
1682;false;false;10;31;1610;42;0;86054;3555831;138063;220052;
1758;false;false;10;32;1683;44;0;86054;3555831;138063;220052;
1656;false;false;10;31;1584;42;0;86107;3560857;133037;219999;
1718;false;false;10;31;1645;43;0;86054;3555831;138063;220052;
1654;false;false;10;31;1582;42;0;86107;3560857;133037;219999;
1576;false;true;10;30;1509;38;0;73307;3549118;144776;232799;
1606;false;false;10;30;1538;39;0;73307;3549118;144776;232799;
1662;false;false;10;31;1590;42;0;86107;3560857;133037;219999;
1620;false;false;10;30;1552;39;0;77445;3552352;141542;228661;
1648;false;false;10;31;1576;42;0;86107;3560857;133037;219999;
1742;false;false;10;31;1669;43;0;86054;3555831;138063;220052;
1672;false;false;10;31;1600;42;0;86054;3555831;138063;220052;
1746;false;false;10;31;1673;43;0;86054;3555831;138063;220052;
1704;false;false;10;31;1632;42;0;86054;3555831;138063;220052;
1640;false;false;10;31;1568;42;0;86107;3560857;133037;219999;
1632;false;false;10;31;1560;42;0;86107;3560857;133037;219999;
1670;false;false;10;31;1598;42;0;86054;3555831;138063;220052;
1724;false;false;10;31;1651;43;0;86054;3555831;138063;220052;
1690;false;false;10;31;1618;42;0;86054;3555831;138063;220052;
1644;false;false;10;31;1572;42;0;86107;3560857;133037;219999;
1712;false;false;10;31;1639;43;0;86054;3555831;138063;220052;
1638;false;false;10;31;1566;42;0;86107;3560857;133037;219999;
1676;false;false;10;31;1604;42;0;86054;3555831;138063;220052;
1674;false;false;10;31;1602;42;0;86054;3555831;138063;220052;
1688;false;false;10;31;1616;42;0;86054;3555831;138063;220052;
1764;false;false;10;32;1689;44;0;86054;3555831;138063;220052;
1706;false;false;10;31;1633;43;0;86054;3555831;138063;220052;
1752;false;false;10;31;1678;44;0;86054;3555831;138063;220052;
1678;false;false;10;31;1606;42;0;86054;3555831;138063;220052;
1762;false;false;10;32;1687;44;0;86054;3555831;138063;220052;
1888;false;false;10;32;1813;44;0;86054;3555831;138063;220052;
1692;false;false;10;31;1620;42;0;86054;3555831;138063;220052;
1756;false;false;10;32;1681;44;0;86054;3555831;138063;220052;
1846;false;false;10;32;1771;44;0;86054;3555831;138063;220052;
1732;false;false;10;31;1659;43;0;86054;3555831;138063;220052;
1698;false;false;10;31;1626;42;0;86054;3555831;138063;220052;
1744;false;false;10;31;1671;43;0;86054;3555831;138063;220052;
1700;false;false;10;31;1628;42;0;86054;3555831;138063;220052;
1684;false;false;10;31;1612;42;0;86054;3555831;138063;220052;
1686;false;false;10;31;1614;42;0;86054;3555831;138063;220052;
1652;false;false;10;31;1580;42;0;86107;3560857;133037;219999;
1730;false;false;10;31;1657;43;0;86054;3555831;138063;220052;
1728;false;false;10;31;1655;43;0;86054;3555831;138063;220052;
1668;false;false;10;31;1596;42;0;86054;3555831;138063;220052;
1646;false;false;10;31;1574;42;0;86107;3560857;133037;219999;
1702;false;false;10;31;1630;42;0;86054;3555831;138063;220052;
1794;false;false;10;32;1719;44;0;86054;3555831;138063;220052;
1714;false;false;10;31;1641;43;0;86054;3555831;138063;220052;
1748;false;false;10;31;1675;43;0;86054;3555831;138063;220052;
1826;false;false;10;32;1751;44;0;86054;3555831;138063;220052;
1866;false;false;10;32;1791;44;0;86054;3555831;138063;220052;
1750;false;false;10;31;1676;44;0;86054;3555831;138063;220052;
1650;false;false;10;31;1578;42;0;86107;3560857;133037;219999;
1772;false;false;10;32;1697;44;0;86054;3555831;138063;220052;
1740;false;false;10;31;1667;43;0;86054;3555831;138063;220052;
1716;false;false;10;31;1643;43;0;86054;3555831;138063;220052;
1816;false;false;10;32;1741;44;0;86054;3555831;138063;220052;
1696;false;false;10;31;1624;42;0;86054;3555831;138063;220052;
1988;false;false;10;32;1913;44;0;86054;3555831;138063;220052;
1760;false;false;10;32;1685;44;0;86054;3555831;138063;220052;
1786;false;false;10;32;1711;44;0;86054;3555831;138063;220052;
1856;false;false;10;32;1781;44;0;86054;3555831;138063;220052;
1862;false;false;10;32;1787;44;0;86054;3555831;138063;220052;
1738;false;false;10;31;1665;43;0;86054;3555831;138063;220052;
1770;false;false;10;32;1695;44;0;86054;3555831;138063;220052;
1822;false;false;10;32;1747;44;0;86054;3555831;138063;220052;
1680;false;false;10;31;1608;42;0;86054;3555831;138063;220052;
1722;false;false;10;31;1649;43;0;86054;3555831;138063;220052;
1972;false;false;10;32;1897;44;0;86054;3555831;138063;220052;
1818;false;false;10;32;1743;44;0;86054;3555831;138063;220052;
1844;false;false;10;32;1769;44;0;86054;3555831;138063;220052;
1734;false;false;10;31;1661;43;0;86054;3555831;138063;220052;
1808;false;false;10;32;1733;44;0;86054;3555831;138063;220052;
1810;false;false;10;32;1735;44;0;86054;3555831;138063;220052;
1854;false;false;10;32;1779;44;0;86054;3555831;138063;220052;
1796;false;false;10;32;1721;44;0;86054;3555831;138063;220052;
1784;false;false;10;32;1709;44;0;86054;3555831;138063;220052;
1962;false;false;10;32;1887;44;0;86054;3555831;138063;220052;
1806;false;false;10;32;1731;44;0;86054;3555831;138063;220052;
1812;false;false;10;32;1737;44;0;86054;3555831;138063;220052;
1768;false;false;10;32;1693;44;0;86054;3555831;138063;220052;
1766;false;false;10;32;1691;44;0;86054;3555831;138063;220052;
1814;false;false;10;32;1739;44;0;86054;3555831;138063;220052;
1836;false;false;10;32;1761;44;0;86054;3555831;138063;220052;
1880;false;false;10;32;1805;44;0;86054;3555831;138063;220052;
1910;false;false;10;32;1835;44;0;86054;3555831;138063;220052;
1842;false;false;10;32;1767;44;0;86054;3555831;138063;220052;
1780;false;false;10;32;1705;44;0;86054;3555831;138063;220052;
1918;false;false;10;32;1843;44;0;86054;3555831;138063;220052;
1802;false;false;10;32;1727;44;0;86054;3555831;138063;220052;
1774;false;false;10;32;1699;44;0;86054;3555831;138063;220052;
1778;false;false;10;32;1703;44;0;86054;3555831;138063;220052;
1870;false;false;10;32;1795;44;0;86054;3555831;138063;220052;
1894;false;false;10;32;1819;44;0;86054;3555831;138063;220052;
1848;false;false;10;32;1773;44;0;86054;3555831;138063;220052;
1868;false;false;10;32;1793;44;0;86054;3555831;138063;220052;
1878;false;false;10;32;1803;44;0;86054;3555831;138063;220052;
1830;false;false;10;32;1755;44;0;86054;3555831;138063;220052;
1852;false;false;10;32;1777;44;0;86054;3555831;138063;220052;
1820;false;false;10;32;1745;44;0;86054;3555831;138063;220052;
1860;false;false;10;32;1785;44;0;86054;3555831;138063;220052;
1840;false;false;10;32;1765;44;0;86054;3555831;138063;220052;
1834;false;false;10;32;1759;44;0;86054;3555831;138063;220052;
1912;false;false;10;32;1837;44;0;86054;3555831;138063;220052;
1832;false;false;10;32;1757;44;0;86054;3555831;138063;220052;
1886;false;false;10;32;1811;44;0;86054;3555831;138063;220052;
1874;false;false;10;32;1799;44;0;86054;3555831;138063;220052;
1876;false;false;10;32;1801;44;0;86054;3555831;138063;220052;
1798;false;false;10;32;1723;44;0;86054;3555831;138063;220052;
1978;false;false;10;32;1903;44;0;86054;3555831;138063;220052;
1882;false;false;10;32;1807;44;0;86054;3555831;138063;220052;
1934;false;false;10;32;1859;44;0;86054;3555831;138063;220052;
1792;false;false;10;32;1717;44;0;86054;3555831;138063;220052;
1824;false;false;10;32;1749;44;0;86054;3555831;138063;220052;
1916;false;false;10;32;1841;44;0;86054;3555831;138063;220052;
1946;false;false;10;32;1871;44;0;86054;3555831;138063;220052;
1790;false;false;10;32;1715;44;0;86054;3555831;138063;220052;
1776;false;false;10;32;1701;44;0;86054;3555831;138063;220052;
1970;false;false;10;32;1895;44;0;86054;3555831;138063;220052;
1800;false;false;10;32;1725;44;0;86054;3555831;138063;220052;
1782;false;false;10;32;1707;44;0;86054;3555831;138063;220052;
1864;false;false;10;32;1789;44;0;86054;3555831;138063;220052;
1788;false;false;10;32;1713;44;0;86054;3555831;138063;220052;
1804;false;false;10;32;1729;44;0;86054;3555831;138063;220052;
1850;false;false;10;32;1775;44;0;86054;3555831;138063;220052;
1906;false;false;10;32;1831;44;0;86054;3555831;138063;220052;
1828;false;false;10;32;1753;44;0;86054;3555831;138063;220052;
1994;false;false;10;32;1919;44;0;86054;3555831;138063;220052;
1858;false;false;10;32;1783;44;0;86054;3555831;138063;220052;
1908;false;false;10;32;1833;44;0;86054;3555831;138063;220052;
1838;false;false;10;32;1763;44;0;86054;3555831;138063;220052;
1960;false;false;10;32;1885;44;0;86054;3555831;138063;220052;
1872;false;false;10;32;1797;44;0;86054;3555831;138063;220052;
1914;false;false;10;32;1839;44;0;86054;3555831;138063;220052;
1884;false;false;10;32;1809;44;0;86054;3555831;138063;220052;
1956;false;false;10;32;1881;44;0;86054;3555831;138063;220052;
1900;false;false;10;32;1825;44;0;86054;3555831;138063;220052;
1896;false;false;10;32;1821;44;0;86054;3555831;138063;220052;
1998;false;false;10;32;1923;44;0;86054;3555831;138063;220052;
1942;false;false;10;32;1867;44;0;86054;3555831;138063;220052;
1922;false;false;10;32;1847;44;0;86054;3555831;138063;220052;
1890;false;false;10;32;1815;44;0;86054;3555831;138063;220052;
1952;false;false;10;32;1877;44;0;86054;3555831;138063;220052;
1930;false;false;10;32;1855;44;0;86054;3555831;138063;220052;
1964;false;false;10;32;1889;44;0;86054;3555831;138063;220052;
1892;false;false;10;32;1817;44;0;86054;3555831;138063;220052;
1980;false;false;10;32;1905;44;0;86054;3555831;138063;220052;
1924;false;false;10;32;1849;44;0;86054;3555831;138063;220052;
1928;false;false;10;32;1853;44;0;86054;3555831;138063;220052;
1898;false;false;10;32;1823;44;0;86054;3555831;138063;220052;
1902;false;false;10;32;1827;44;0;86054;3555831;138063;220052;
1940;false;false;10;32;1865;44;0;86054;3555831;138063;220052;
1992;false;false;10;32;1917;44;0;86054;3555831;138063;220052;
1920;false;false;10;32;1845;44;0;86054;3555831;138063;220052;
1926;false;false;10;32;1851;44;0;86054;3555831;138063;220052;
1968;false;false;10;32;1893;44;0;86054;3555831;138063;220052;
1944;false;false;10;32;1869;44;0;86054;3555831;138063;220052;
1982;false;false;10;32;1907;44;0;86054;3555831;138063;220052;
1984;false;false;10;32;1909;44;0;86054;3555831;138063;220052;
1976;false;false;10;32;1901;44;0;86054;3555831;138063;220052;
1974;false;false;10;32;1899;44;0;86054;3555831;138063;220052;
1948;false;false;10;32;1873;44;0;86054;3555831;138063;220052;
1932;false;false;10;32;1857;44;0;86054;3555831;138063;220052;
1958;false;false;10;32;1883;44;0;86054;3555831;138063;220052;
1990;false;false;10;32;1915;44;0;86054;3555831;138063;220052;
1996;false;false;10;32;1921;44;0;86054;3555831;138063;220052;
1904;false;false;10;32;1829;44;0;86054;3555831;138063;220052;
1938;false;false;10;32;1863;44;0;86054;3555831;138063;220052;
1954;false;false;10;32;1879;44;0;86054;3555831;138063;220052;
1950;false;false;10;32;1875;44;0;86054;3555831;138063;220052;
1936;false;false;10;32;1861;44;0;86054;3555831;138063;220052;
1966;false;false;10;32;1891;44;0;86054;3555831;138063;220052;
1986;false;false;10;32;1911;44;0;86054;3555831;138063;220052;
